single-features,single-avg accuracy
10,48.9523666667
20,83.3333333333
30,84.2105333333
40,60.4166666667
50,97.6190333333
60,84.8485
70,95.8333333333
80,93.3333333333
90,16.6666666667

multi-features,multi-avg accuracy
10,47.6190333333
20,61.1111
30,66.6666666667
40,58.3333333333
50,66.6666666667
60,77.7777666667
70,66.6666666667
80,33.3333333333
90,0.0
