single-features,single-avg accuracy
10,47.6190333333
20,84.8485
30,85.9649
40,47.9166666667
50,97.6190333333
60,90.9091
70,87.5
80,93.3333333333
90,16.6666666667

multi-features,multi-avg accuracy
10,42.8571
20,61.1111
30,66.6666666667
40,58.3333333333
50,58.3333333333
60,77.7778
70,66.6666666667
80,33.3333333333
90,0.0
