single-features,single-avg accuracy
10,95.2381
20,97.6190333333
30,97.6190333333
40,97.6190333333
50,95.2381
60,95.2381
70,95.2381
80,92.8571333333
90,92.8571333333

multi-features,multi-avg accuracy
10,25.0
20,25.0
30,25.0
40,25.0
50,25.0
60,25.0
70,25.0
80,25.0
90,25.0
