single-thresholds,single-avg accuracy
10,50.2857
20,80.3030333333
30,87.7193
40,56.25
50,92.8571333333
60,87.8788
70,100.0
80,93.3333333333
90,33.3333333333

multi-features,multi-avg accuracy
multi-thresholds,multi-avg accuracy
10,47.6190333333
20,72.2222333333
30,73.3333333333
40,75.0
50,91.6666666667
60,100.0
70,100.0
80,33.3333333333
90,0.0
