single-features,single-avg accuracy
10,33.3333333333
20,33.3333333333
30,33.3333333333
40,33.3333333333
50,33.3333333333
60,33.3333333333
70,33.3333333333
80,33.3333333333
90,33.3333333333

multi-features,multi-avg accuracy
10,0.0
20,0.0
30,0.0
40,0.0
50,0.0
60,0.0
70,0.0
80,0.0
90,0.0
